Model,RMSE,MAE,MAPE (%),R²
Baseline: Naive (Last Value),1013195958.3410172,801546138.0,20.785629213445052,-1.9166622029617106
Baseline: Historical Average,866613699.8540276,631706627.5294118,15.436948929004945,-1.1337834228337833
Baseline: Moving Average (3M),496061515.4091742,381189684.0,9.564564206450084,0.3008500876554526
Linear Regression,1.8590534867875983e-06,1.33514404296875e-06,3.280100343293433e-14,1.0
Ridge Regression,2.7309076429894166e-06,2.47955322265625e-06,6.797459382988536e-14,1.0
Random Forest,387323894.3371614,316081254.2139999,8.142655150511356,0.5737662688114813
Gradient Boosting,364514738.3723601,277861190.8620223,7.113599802855708,0.6224891642370112
